YEAR,MO,DY,WS10M
2011,1,1,2.66
2011,1,2,2.88
2011,1,3,3.2
2011,1,4,2.73
2011,1,5,1.89
2011,1,6,2.45
2011,1,7,2.68
2011,1,8,2.71
2011,1,9,1.97
2011,1,10,1.95
2011,1,11,1.88
2011,1,12,2.03
2011,1,13,2.26
2011,1,14,2.23
2011,1,15,2.77
2011,1,16,2.87
2011,1,17,2.31
2011,1,18,2.34
2011,1,19,2.66
2011,1,20,2.95
2011,1,21,2.71
2011,1,22,2.81
2011,1,23,2.05
2011,1,24,2.14
2011,1,25,2.02
2011,1,26,2.66
2011,1,27,2.56
2011,1,28,2.77
2011,1,29,2.02
2011,1,30,2.32
2011,1,31,2.23
2011,2,1,1.97
2011,2,2,1.75
2011,2,3,2.17
2011,2,4,2.23
2011,2,5,3.16
2011,2,6,3.13
2011,2,7,2.35
2011,2,8,2.17
2011,2,9,1.8
2011,2,10,2.2
2011,2,11,2.32
2011,2,12,2.77
2011,2,13,3.95
2011,2,14,2.06
2011,2,15,1.66
2011,2,16,2.37
2011,2,17,2.73
2011,2,18,1.89
2011,2,19,2.37
2011,2,20,2.54
2011,2,21,2.55
2011,2,22,2.45
2011,2,23,2.44
2011,2,24,2.27
2011,2,25,2.03
2011,2,26,1.68
2011,2,27,2.0
2011,2,28,2.97
2011,3,1,3.14
2011,3,2,3.21
2011,3,3,2.03
2011,3,4,2.42
2011,3,5,2.35
2011,3,6,2.21
2011,3,7,2.05
2011,3,8,2.11
2011,3,9,2.82
2011,3,10,2.36
2011,3,11,2.34
2011,3,12,2.34
2011,3,13,2.33
2011,3,14,2.52
2011,3,15,2.84
2011,3,16,2.85
2011,3,17,2.3
2011,3,18,2.3
2011,3,19,1.84
2011,3,20,2.59
2011,3,21,2.28
2011,3,22,2.68
2011,3,23,2.07
2011,3,24,2.05
2011,3,25,2.21
2011,3,26,1.51
2011,3,27,1.6
2011,3,28,1.68
2011,3,29,1.93
2011,3,30,2.06
2011,3,31,2.03
2011,4,1,1.72
2011,4,2,1.95
2011,4,3,1.96
2011,4,4,1.88
2011,4,5,2.69
2011,4,6,1.84
2011,4,7,2.27
2011,4,8,2.35
2011,4,9,2.15
2011,4,10,2.54
2011,4,11,2.37
2011,4,12,2.45
2011,4,13,2.78
2011,4,14,2.66
2011,4,15,2.07
2011,4,16,1.98
2011,4,17,1.8
2011,4,18,2.4
2011,4,19,2.37
2011,4,20,2.66
2011,4,21,1.92
2011,4,22,2.62
2011,4,23,1.78
2011,4,24,1.85
2011,4,25,1.77
2011,4,26,2.19
2011,4,27,2.11
2011,4,28,1.73
2011,4,29,1.86
2011,4,30,2.43
2011,5,1,3.49
2011,5,2,2.09
2011,5,3,1.73
2011,5,4,1.7
2011,5,5,2.2
2011,5,6,2.16
2011,5,7,1.63
2011,5,8,1.61
2011,5,9,1.93
2011,5,10,1.82
2011,5,11,1.99
2011,5,12,2.79
2011,5,13,2.69
2011,5,14,2.69
2011,5,15,2.38
2011,5,16,1.66
2011,5,17,2.48
2011,5,18,2.6
2011,5,19,1.99
2011,5,20,1.85
2011,5,21,4.08
2011,5,22,2.19
2011,5,23,1.77
2011,5,24,2.3
2011,5,25,1.86
2011,5,26,1.66
2011,5,27,1.49
2011,5,28,1.45
2011,5,29,1.27
2011,5,30,1.63
2011,5,31,1.71
2011,6,1,2.23
2011,6,2,1.84
2011,6,3,1.62
2011,6,4,1.72
2011,6,5,2.08
2011,6,6,2.87
2011,6,7,1.77
2011,6,8,1.88
2011,6,9,1.83
2011,6,10,1.59
2011,6,11,0.88
2011,6,12,1.16
2011,6,13,0.98
2011,6,14,1.34
2011,6,15,1.3
2011,6,16,1.8
2011,6,17,1.7
2011,6,18,1.57
2011,6,19,2.02
2011,6,20,1.94
2011,6,21,1.3
2011,6,22,2.09
2011,6,23,1.93
2011,6,24,1.86
2011,6,25,1.44
2011,6,26,1.38
2011,6,27,1.0
2011,6,28,2.03
2011,6,29,2.15
2011,6,30,2.12
2011,7,1,1.36
2011,7,2,1.45
2011,7,3,1.47
2011,7,4,1.73
2011,7,5,1.59
2011,7,6,1.29
2011,7,7,1.08
2011,7,8,1.31
2011,7,9,1.66
2011,7,10,1.78
2011,7,11,1.36
2011,7,12,1.97
2011,7,13,2.33
2011,7,14,2.76
2011,7,15,2.52
2011,7,16,1.97
2011,7,17,2.02
2011,7,18,1.58
2011,7,19,1.12
2011,7,20,1.48
2011,7,21,1.25
2011,7,22,1.39
2011,7,23,0.54
2011,7,24,1.07
2011,7,25,1.25
2011,7,26,1.39
2011,7,27,1.29
2011,7,28,2.09
2011,7,29,2.86
2011,7,30,2.09
2011,7,31,2.05
2011,8,1,2.11
2011,8,2,2.06
2011,8,3,2.07
2011,8,4,1.17
2011,8,5,1.33
2011,8,6,1.62
2011,8,7,1.05
2011,8,8,1.29
2011,8,9,1.02
2011,8,10,1.54
2011,8,11,1.88
2011,8,12,1.73
2011,8,13,1.98
2011,8,14,1.82
2011,8,15,1.9
2011,8,16,1.44
2011,8,17,1.74
2011,8,18,1.94
2011,8,19,3.13
2011,8,20,1.81
2011,8,21,1.87
2011,8,22,1.91
2011,8,23,1.55
2011,8,24,1.19
2011,8,25,1.56
2011,8,26,0.73
2011,8,27,2.12
2011,8,28,1.63
2011,8,29,1.75
2011,8,30,1.78
2011,8,31,0.88
2011,9,1,0.87
2011,9,2,1.85
2011,9,3,1.59
2011,9,4,1.83
2011,9,5,1.87
2011,9,6,1.76
2011,9,7,1.7
2011,9,8,2.61
2011,9,9,2.27
2011,9,10,1.95
2011,9,11,0.99
2011,9,12,0.74
2011,9,13,1.66
2011,9,14,1.71
2011,9,15,2.03
2011,9,16,1.64
2011,9,17,1.7
2011,9,18,1.67
2011,9,19,1.62
2011,9,20,1.77
2011,9,21,1.8
2011,9,22,2.29
2011,9,23,1.89
2011,9,24,2.67
2011,9,25,1.75
2011,9,26,1.64
2011,9,27,1.01
2011,9,28,1.53
2011,9,29,2.0
2011,9,30,2.09
2011,10,1,1.87
2011,10,2,1.98
2011,10,3,2.27
2011,10,4,2.67
2011,10,5,1.59
2011,10,6,2.19
2011,10,7,2.05
2011,10,8,2.43
2011,10,9,2.31
2011,10,10,2.52
2011,10,11,2.65
2011,10,12,2.7
2011,10,13,2.88
2011,10,14,2.98
2011,10,15,3.07
2011,10,16,3.18
2011,10,17,2.02
2011,10,18,1.79
2011,10,19,2.8
2011,10,20,4.09
2011,10,21,2.75
2011,10,22,2.01
2011,10,23,2.9
2011,10,24,2.46
2011,10,25,2.64
2011,10,26,2.31
2011,10,27,2.1
2011,10,28,2.12
2011,10,29,2.05
2011,10,30,2.08
2011,10,31,2.19
2011,11,1,2.18
2011,11,2,2.38
2011,11,3,2.15
2011,11,4,2.42
2011,11,5,1.95
2011,11,6,2.34
2011,11,7,2.38
2011,11,8,2.62
2011,11,9,2.77
2011,11,10,2.46
2011,11,11,2.76
2011,11,12,1.87
2011,11,13,2.33
2011,11,14,2.81
2011,11,15,2.31
2011,11,16,2.84
2011,11,17,2.12
2011,11,18,2.8
2011,11,19,2.19
2011,11,20,1.81
2011,11,21,3.23
2011,11,22,2.7
2011,11,23,2.27
2011,11,24,2.34
2011,11,25,2.7
2011,11,26,2.56
2011,11,27,2.62
2011,11,28,2.56
2011,11,29,1.85
2011,11,30,2.41
2011,12,1,2.33
2011,12,2,3.14
2011,12,3,2.46
2011,12,4,2.89
2011,12,5,3.31
2011,12,6,2.28
2011,12,7,2.46
2011,12,8,2.91
2011,12,9,2.51
2011,12,10,2.61
2011,12,11,2.77
2011,12,12,2.66
2011,12,13,2.53
2011,12,14,2.38
2011,12,15,2.66
2011,12,16,2.58
2011,12,17,1.92
2011,12,18,3.02
2011,12,19,2.77
2011,12,20,2.44
2011,12,21,2.07
2011,12,22,2.07
2011,12,23,2.48
2011,12,24,2.79
2011,12,25,1.91
2011,12,26,1.78
2011,12,27,2.02
2011,12,28,2.07
2011,12,29,2.38
2011,12,30,2.72
2011,12,31,2.38
2012,1,1,2.25
2012,1,2,3.45
2012,1,3,2.6
2012,1,4,2.47
2012,1,5,3.48
2012,1,6,2.62
2012,1,7,2.52
2012,1,8,2.36
2012,1,9,2.16
2012,1,10,2.27
2012,1,11,2.42
2012,1,12,2.04
2012,1,13,1.6
2012,1,14,2.15
2012,1,15,2.1
2012,1,16,2.25
2012,1,17,2.78
2012,1,18,3.02
2012,1,19,2.39
2012,1,20,3.07
2012,1,21,3.16
2012,1,22,3.08
2012,1,23,2.58
2012,1,24,2.35
2012,1,25,2.22
2012,1,26,2.75
2012,1,27,2.77
2012,1,28,2.43
2012,1,29,2.73
2012,1,30,3.27
2012,1,31,3.27
2012,2,1,3.12
2012,2,2,2.66
2012,2,3,2.07
2012,2,4,2.27
2012,2,5,1.66
2012,2,6,1.7
2012,2,7,1.81
2012,2,8,1.64
2012,2,9,2.22
2012,2,10,2.71
2012,2,11,2.95
2012,2,12,2.88
2012,2,13,2.18
2012,2,14,2.55
2012,2,15,2.38
2012,2,16,2.77
2012,2,17,2.54
2012,2,18,2.27
2012,2,19,2.52
2012,2,20,1.93
2012,2,21,2.18
2012,2,22,2.29
2012,2,23,2.52
2012,2,24,2.09
2012,2,25,2.62
2012,2,26,2.02
2012,2,27,2.14
2012,2,28,2.55
2012,2,29,1.87
2012,3,1,1.52
2012,3,2,1.28
2012,3,3,1.5
2012,3,4,1.77
2012,3,5,1.77
2012,3,6,1.61
2012,3,7,2.0
2012,3,8,1.85
2012,3,9,1.39
2012,3,10,1.25
2012,3,11,1.47
2012,3,12,1.2
2012,3,13,1.45
2012,3,14,0.91
2012,3,15,1.43
2012,3,16,1.41
2012,3,17,1.87
2012,3,18,2.27
2012,3,19,2.26
2012,3,20,2.17
2012,3,21,2.24
2012,3,22,2.08
2012,3,23,2.04
2012,3,24,2.79
2012,3,25,2.27
2012,3,26,1.97
2012,3,27,1.76
2012,3,28,1.95
2012,3,29,1.69
2012,3,30,0.95
2012,3,31,1.38
2012,4,1,1.92
2012,4,2,2.03
2012,4,3,1.82
2012,4,4,2.07
2012,4,5,2.42
2012,4,6,1.98
2012,4,7,1.28
2012,4,8,1.77
2012,4,9,2.11
2012,4,10,2.55
2012,4,11,2.62
2012,4,12,1.7
2012,4,13,2.08
2012,4,14,2.23
2012,4,15,1.76
2012,4,16,2.0
2012,4,17,2.42
2012,4,18,0.86
2012,4,19,2.24
2012,4,20,2.27
2012,4,21,2.17
2012,4,22,1.63
2012,4,23,2.13
2012,4,24,1.76
2012,4,25,2.02
2012,4,26,2.27
2012,4,27,2.08
2012,4,28,2.7
2012,4,29,1.6
2012,4,30,2.23
2012,5,1,1.73
2012,5,2,1.92
2012,5,3,1.43
2012,5,4,1.86
2012,5,5,1.95
2012,5,6,1.86
2012,5,7,2.09
2012,5,8,1.9
2012,5,9,1.89
2012,5,10,2.11
2012,5,11,2.13
2012,5,12,2.38
2012,5,13,1.9
2012,5,14,1.59
2012,5,15,1.41
2012,5,16,1.48
2012,5,17,1.72
2012,5,18,1.84
2012,5,19,2.16
2012,5,20,1.94
2012,5,21,1.66
2012,5,22,1.37
2012,5,23,1.59
2012,5,24,1.58
2012,5,25,1.73
2012,5,26,1.37
2012,5,27,1.26
2012,5,28,1.45
2012,5,29,1.27
2012,5,30,1.07
2012,5,31,1.42
2012,6,1,1.22
2012,6,2,1.32
2012,6,3,1.55
2012,6,4,1.86
2012,6,5,1.34
2012,6,6,1.16
2012,6,7,0.95
2012,6,8,1.26
2012,6,9,1.13
2012,6,10,1.52
2012,6,11,1.58
2012,6,12,1.45
2012,6,13,1.25
2012,6,14,1.66
2012,6,15,1.85
2012,6,16,2.12
2012,6,17,1.99
2012,6,18,1.81
2012,6,19,1.81
2012,6,20,1.79
2012,6,21,1.67
2012,6,22,1.13
2012,6,23,0.58
2012,6,24,1.84
2012,6,25,1.46
2012,6,26,1.32
2012,6,27,1.3
2012,6,28,1.8
2012,6,29,1.97
2012,6,30,1.58
2012,7,1,0.65
2012,7,2,1.49
2012,7,3,1.42
2012,7,4,1.98
2012,7,5,2.13
2012,7,6,2.03
2012,7,7,1.38
2012,7,8,0.93
2012,7,9,1.55
2012,7,10,1.48
2012,7,11,1.86
2012,7,12,1.59
2012,7,13,1.47
2012,7,14,1.98
2012,7,15,1.71
2012,7,16,1.51
2012,7,17,1.34
2012,7,18,1.43
2012,7,19,1.39
2012,7,20,1.91
2012,7,21,1.66
2012,7,22,1.44
2012,7,23,1.45
2012,7,24,1.35
2012,7,25,1.16
2012,7,26,1.2
2012,7,27,1.83
2012,7,28,1.36
2012,7,29,1.72
2012,7,30,1.75
2012,7,31,1.1
2012,8,1,1.52
2012,8,2,2.05
2012,8,3,2.01
2012,8,4,1.74
2012,8,5,1.16
2012,8,6,2.04
2012,8,7,2.69
2012,8,8,2.16
2012,8,9,1.72
2012,8,10,1.49
2012,8,11,1.85
2012,8,12,2.2
2012,8,13,2.13
2012,8,14,1.59
2012,8,15,2.0
2012,8,16,2.15
2012,8,17,1.55
2012,8,18,1.22
2012,8,19,1.78
2012,8,20,1.95
2012,8,21,1.8
2012,8,22,1.94
2012,8,23,2.23
2012,8,24,2.79
2012,8,25,1.67
2012,8,26,1.1
2012,8,27,0.97
2012,8,28,1.42
2012,8,29,1.02
2012,8,30,1.0
2012,8,31,1.16
2012,9,1,1.27
2012,9,2,1.54
2012,9,3,1.62
2012,9,4,1.55
2012,9,5,0.97
2012,9,6,1.64
2012,9,7,1.74
2012,9,8,1.62
2012,9,9,1.59
2012,9,10,1.92
2012,9,11,2.02
2012,9,12,2.35
2012,9,13,1.46
2012,9,14,1.3
2012,9,15,1.59
2012,9,16,2.06
2012,9,17,2.1
2012,9,18,1.84
2012,9,19,2.18
2012,9,20,2.17
2012,9,21,2.06
2012,9,22,2.18
2012,9,23,1.97
2012,9,24,2.1
2012,9,25,1.9
2012,9,26,1.65
2012,9,27,1.73
2012,9,28,1.81
2012,9,29,1.7
2012,9,30,1.72
2012,10,1,1.7
2012,10,2,1.57
2012,10,3,1.9
2012,10,4,2.24
2012,10,5,3.55
2012,10,6,2.5
2012,10,7,2.06
2012,10,8,1.91
2012,10,9,2.21
2012,10,10,2.76
2012,10,11,2.55
2012,10,12,1.7
2012,10,13,2.47
2012,10,14,2.35
2012,10,15,2.47
2012,10,16,2.25
2012,10,17,2.48
2012,10,18,2.43
2012,10,19,2.05
2012,10,20,2.31
2012,10,21,2.14
2012,10,22,2.92
2012,10,23,2.9
2012,10,24,1.87
2012,10,25,2.0
2012,10,26,1.95
2012,10,27,1.77
2012,10,28,2.25
2012,10,29,2.16
2012,10,30,1.77
2012,10,31,2.59
2012,11,1,2.3
2012,11,2,2.62
2012,11,3,2.46
2012,11,4,2.39
2012,11,5,1.74
2012,11,6,1.74
2012,11,7,2.25
2012,11,8,2.36
2012,11,9,1.84
2012,11,10,2.0
2012,11,11,2.11
2012,11,12,2.09
2012,11,13,2.27
2012,11,14,2.48
2012,11,15,3.09
2012,11,16,2.86
2012,11,17,2.88
2012,11,18,2.22
2012,11,19,3.47
2012,11,20,2.75
2012,11,21,2.77
2012,11,22,2.37
2012,11,23,2.51
2012,11,24,2.53
2012,11,25,2.51
2012,11,26,1.72
2012,11,27,2.35
2012,11,28,2.7
2012,11,29,2.2
2012,11,30,2.68
2012,12,1,2.32
2012,12,2,2.25
2012,12,3,2.91
2012,12,4,2.69
2012,12,5,2.45
2012,12,6,2.7
2012,12,7,3.14
2012,12,8,2.02
2012,12,9,1.53
2012,12,10,2.2
2012,12,11,2.54
2012,12,12,2.38
2012,12,13,2.59
2012,12,14,2.43
2012,12,15,2.31
2012,12,16,2.98
2012,12,17,2.59
2012,12,18,2.67
2012,12,19,2.91
2012,12,20,3.32
2012,12,21,2.72
2012,12,22,1.9
2012,12,23,1.43
2012,12,24,1.88
2012,12,25,2.24
2012,12,26,2.2
2012,12,27,1.7
2012,12,28,2.06
2012,12,29,2.16
2012,12,30,2.12
2012,12,31,2.06
2013,1,1,2.12
2013,1,2,1.75
2013,1,3,1.7
2013,1,4,1.95
2013,1,5,1.88
2013,1,6,2.0
2013,1,7,1.78
2013,1,8,1.74
2013,1,9,2.05
2013,1,10,2.19
2013,1,11,2.37
2013,1,12,3.53
2013,1,13,3.45
2013,1,14,2.48
2013,1,15,3.22
2013,1,16,3.03
2013,1,17,2.66
2013,1,18,2.13
2013,1,19,2.28
2013,1,20,2.23
2013,1,21,2.48
2013,1,22,2.92
2013,1,23,3.22
2013,1,24,3.55
2013,1,25,3.16
2013,1,26,2.61
2013,1,27,2.45
2013,1,28,2.29
2013,1,29,2.54
2013,1,30,2.55
2013,1,31,2.69
2013,2,1,3.49
2013,2,2,2.84
2013,2,3,2.0
2013,2,4,2.55
2013,2,5,1.98
2013,2,6,2.23
2013,2,7,2.52
2013,2,8,2.34
2013,2,9,2.4
2013,2,10,2.18
2013,2,11,2.16
2013,2,12,2.49
2013,2,13,2.42
2013,2,14,2.25
2013,2,15,1.45
2013,2,16,2.34
2013,2,17,3.3
2013,2,18,2.02
2013,2,19,2.06
2013,2,20,1.97
2013,2,21,2.15
2013,2,22,2.14
2013,2,23,2.34
2013,2,24,2.04
2013,2,25,2.01
2013,2,26,2.22
2013,2,27,2.32
2013,2,28,2.22
2013,3,1,2.42
2013,3,2,2.44
2013,3,3,2.59
2013,3,4,1.87
2013,3,5,2.14
2013,3,6,2.21
2013,3,7,1.64
2013,3,8,1.23
2013,3,9,1.72
2013,3,10,2.18
2013,3,11,2.57
2013,3,12,2.5
2013,3,13,2.52
2013,3,14,2.94
2013,3,15,2.12
2013,3,16,1.43
2013,3,17,1.96
2013,3,18,2.22
2013,3,19,2.35
2013,3,20,2.71
2013,3,21,2.3
2013,3,22,1.97
2013,3,23,1.84
2013,3,24,2.4
2013,3,25,1.94
2013,3,26,2.14
2013,3,27,2.16
2013,3,28,2.22
2013,3,29,1.88
2013,3,30,1.72
2013,3,31,1.77
2013,4,1,1.83
2013,4,2,2.02
2013,4,3,2.17
2013,4,4,2.23
2013,4,5,2.21
2013,4,6,2.22
2013,4,7,2.25
2013,4,8,2.26
2013,4,9,2.31
2013,4,10,2.52
2013,4,11,2.46
2013,4,12,1.97
2013,4,13,2.36
2013,4,14,2.3
2013,4,15,1.83
2013,4,16,1.64
2013,4,17,2.33
2013,4,18,1.84
2013,4,19,2.06
2013,4,20,1.86
2013,4,21,2.15
2013,4,22,2.77
2013,4,23,1.89
2013,4,24,2.48
2013,4,25,2.27
2013,4,26,3.09
2013,4,27,3.03
2013,4,28,2.77
2013,4,29,2.5
2013,4,30,1.83
2013,5,1,2.44
2013,5,2,2.73
2013,5,3,2.03
2013,5,4,2.46
2013,5,5,3.8
2013,5,6,2.08
2013,5,7,2.24
2013,5,8,2.04
2013,5,9,2.52
2013,5,10,2.43
2013,5,11,2.71
2013,5,12,1.98
2013,5,13,2.12
2013,5,14,2.27
2013,5,15,2.54
2013,5,16,2.3
2013,5,17,2.08
2013,5,18,1.91
2013,5,19,1.91
2013,5,20,2.01
2013,5,21,2.42
2013,5,22,2.36
2013,5,23,1.88
2013,5,24,2.06
2013,5,25,2.08
2013,5,26,1.5
2013,5,27,2.06
2013,5,28,2.55
2013,5,29,2.26
2013,5,30,2.59
2013,5,31,2.07
2013,6,1,1.61
2013,6,2,0.65
2013,6,3,0.7
2013,6,4,1.12
2013,6,5,1.23
2013,6,6,1.63
2013,6,7,1.57
2013,6,8,1.38
2013,6,9,1.11
2013,6,10,1.58
2013,6,11,1.8
2013,6,12,1.76
2013,6,13,1.98
2013,6,14,1.91
2013,6,15,1.67
2013,6,16,2.05
2013,6,17,1.85
2013,6,18,1.8
2013,6,19,1.67
2013,6,20,1.59
2013,6,21,2.09
2013,6,22,2.3
2013,6,23,1.73
2013,6,24,1.85
2013,6,25,1.62
2013,6,26,2.0
2013,6,27,1.98
2013,6,28,2.2
2013,6,29,2.09
2013,6,30,2.14
2013,7,1,1.73
2013,7,2,1.94
2013,7,3,2.04
2013,7,4,2.27
2013,7,5,1.7
2013,7,6,1.26
2013,7,7,2.05
2013,7,8,1.45
2013,7,9,1.16
2013,7,10,1.55
2013,7,11,1.61
2013,7,12,1.62
2013,7,13,1.7
2013,7,14,2.02
2013,7,15,1.4
2013,7,16,1.16
2013,7,17,1.3
2013,7,18,1.77
2013,7,19,1.84
2013,7,20,1.7
2013,7,21,1.88
2013,7,22,2.15
2013,7,23,1.72
2013,7,24,1.33
2013,7,25,1.51
2013,7,26,1.36
2013,7,27,1.38
2013,7,28,0.9
2013,7,29,1.29
2013,7,30,1.77
2013,7,31,2.09
2013,8,1,2.02
2013,8,2,1.71
2013,8,3,1.7
2013,8,4,1.51
2013,8,5,1.88
2013,8,6,2.02
2013,8,7,2.0
2013,8,8,2.2
2013,8,9,2.38
2013,8,10,2.12
2013,8,11,2.52
2013,8,12,2.2
2013,8,13,2.03
2013,8,14,1.66
2013,8,15,1.11
2013,8,16,1.72
2013,8,17,1.64
2013,8,18,1.8
2013,8,19,1.81
2013,8,20,1.29
2013,8,21,2.02
2013,8,22,2.05
2013,8,23,2.25
2013,8,24,1.82
2013,8,25,1.98
2013,8,26,1.79
2013,8,27,1.41
2013,8,28,1.39
2013,8,29,1.96
2013,8,30,1.65
2013,8,31,1.73
2013,9,1,1.95
2013,9,2,2.41
2013,9,3,2.99
2013,9,4,2.17
2013,9,5,1.47
2013,9,6,2.01
2013,9,7,2.01
2013,9,8,1.68
2013,9,9,1.78
2013,9,10,1.92
2013,9,11,2.14
2013,9,12,2.57
2013,9,13,2.85
2013,9,14,1.77
2013,9,15,1.84
2013,9,16,2.29
2013,9,17,2.41
2013,9,18,1.76
2013,9,19,1.0
2013,9,20,2.01
2013,9,21,2.49
2013,9,22,2.2
2013,9,23,1.77
2013,9,24,1.64
2013,9,25,1.66
2013,9,26,1.62
2013,9,27,1.92
2013,9,28,1.41
2013,9,29,1.71
2013,9,30,2.14
2013,10,1,2.61
2013,10,2,2.31
2013,10,3,1.71
2013,10,4,1.97
2013,10,5,1.77
2013,10,6,2.49
2013,10,7,1.98
2013,10,8,2.11
2013,10,9,2.06
2013,10,10,2.47
2013,10,11,2.42
2013,10,12,2.88
2013,10,13,2.81
2013,10,14,2.75
2013,10,15,2.31
2013,10,16,2.33
2013,10,17,1.57
2013,10,18,2.18
2013,10,19,2.34
2013,10,20,2.59
2013,10,21,2.88
2013,10,22,1.94
2013,10,23,1.88
2013,10,24,2.08
2013,10,25,1.85
2013,10,26,2.45
2013,10,27,2.24
2013,10,28,2.27
2013,10,29,2.98
2013,10,30,1.97
2013,10,31,3.21
2013,11,1,3.2
2013,11,2,2.76
2013,11,3,2.2
2013,11,4,2.46
2013,11,5,2.86
2013,11,6,2.95
2013,11,7,2.85
2013,11,8,2.68
2013,11,9,2.73
2013,11,10,2.51
2013,11,11,2.24
2013,11,12,2.18
2013,11,13,2.19
2013,11,14,2.4
2013,11,15,2.0
2013,11,16,2.29
2013,11,17,2.46
2013,11,18,2.58
2013,11,19,1.91
2013,11,20,2.78
2013,11,21,1.92
2013,11,22,3.26
2013,11,23,3.26
2013,11,24,3.25
2013,11,25,2.52
2013,11,26,3.0
2013,11,27,2.66
2013,11,28,2.7
2013,11,29,2.79
2013,11,30,3.18
2013,12,1,3.27
2013,12,2,3.36
2013,12,3,2.5
2013,12,4,1.72
2013,12,5,1.77
2013,12,6,2.19
2013,12,7,2.56
2013,12,8,2.16
2013,12,9,2.45
2013,12,10,1.94
2013,12,11,2.12
2013,12,12,2.25
2013,12,13,2.24
2013,12,14,2.13
2013,12,15,2.22
2013,12,16,2.39
2013,12,17,2.37
2013,12,18,2.13
2013,12,19,2.87
2013,12,20,3.27
2013,12,21,2.91
2013,12,22,3.06
2013,12,23,2.49
2013,12,24,3.38
2013,12,25,2.29
2013,12,26,2.46
2013,12,27,1.44
2013,12,28,1.31
2013,12,29,2.07
2013,12,30,2.63
2013,12,31,2.51
2014,1,1,2.48
2014,1,2,2.34
2014,1,3,2.25
2014,1,4,1.98
2014,1,5,2.55
2014,1,6,2.16
2014,1,7,2.83
2014,1,8,3.09
2014,1,9,2.15
2014,1,10,2.49
2014,1,11,2.61
2014,1,12,1.85
2014,1,13,1.5
2014,1,14,1.93
2014,1,15,1.87
2014,1,16,2.27
2014,1,17,2.23
2014,1,18,2.27
2014,1,19,1.91
2014,1,20,1.94
2014,1,21,2.49
2014,1,22,2.48
2014,1,23,2.39
2014,1,24,2.35
2014,1,25,4.22
2014,1,26,2.84
2014,1,27,2.4
2014,1,28,2.71
2014,1,29,2.79
2014,1,30,2.44
2014,1,31,2.34
2014,2,1,2.81
2014,2,2,3.03
2014,2,3,2.51
2014,2,4,1.21
2014,2,5,2.55
2014,2,6,2.73
2014,2,7,2.07
2014,2,8,2.53
2014,2,9,2.7
2014,2,10,2.26
2014,2,11,2.2
2014,2,12,2.34
2014,2,13,2.43
2014,2,14,2.1
2014,2,15,1.74
2014,2,16,2.2
2014,2,17,2.18
2014,2,18,2.38
2014,2,19,2.82
2014,2,20,2.45
2014,2,21,3.07
2014,2,22,1.96
2014,2,23,2.26
2014,2,24,2.31
2014,2,25,2.23
2014,2,26,2.09
2014,2,27,2.16
2014,2,28,2.07
2014,3,1,2.53
2014,3,2,2.95
2014,3,3,2.36
2014,3,4,2.75
2014,3,5,2.45
2014,3,6,1.75
2014,3,7,2.28
2014,3,8,1.98
2014,3,9,1.95
2014,3,10,2.38
2014,3,11,3.3
2014,3,12,1.7
2014,3,13,1.45
2014,3,14,1.79
2014,3,15,3.06
2014,3,16,2.52
2014,3,17,3.02
2014,3,18,2.27
2014,3,19,1.59
2014,3,20,2.67
2014,3,21,2.88
2014,3,22,2.05
2014,3,23,1.62
2014,3,24,1.95
2014,3,25,2.05
2014,3,26,2.16
2014,3,27,1.43
2014,3,28,2.04
2014,3,29,2.45
2014,3,30,2.97
2014,3,31,2.45
2014,4,1,1.76
2014,4,2,1.71
2014,4,3,2.33
2014,4,4,2.45
2014,4,5,1.95
2014,4,6,2.08
2014,4,7,1.94
2014,4,8,2.09
2014,4,9,2.21
2014,4,10,1.48
2014,4,11,1.59
2014,4,12,1.93
2014,4,13,1.91
2014,4,14,1.89
2014,4,15,2.15
2014,4,16,1.81
2014,4,17,1.79
2014,4,18,2.34
2014,4,19,1.67
2014,4,20,1.62
2014,4,21,1.88
2014,4,22,1.22
2014,4,23,1.71
2014,4,24,1.52
2014,4,25,1.91
2014,4,26,1.76
2014,4,27,1.69
2014,4,28,1.69
2014,4,29,1.91
2014,4,30,1.65
2014,5,1,2.62
2014,5,2,2.3
2014,5,3,1.66
2014,5,4,2.26
2014,5,5,2.21
2014,5,6,2.12
2014,5,7,2.55
2014,5,8,2.58
2014,5,9,2.5
2014,5,10,2.62
2014,5,11,2.55
2014,5,12,2.07
2014,5,13,1.84
2014,5,14,2.08
2014,5,15,2.07
2014,5,16,2.08
2014,5,17,1.77
2014,5,18,1.49
2014,5,19,1.44
2014,5,20,1.76
2014,5,21,2.4
2014,5,22,1.76
2014,5,23,1.98
2014,5,24,1.6
2014,5,25,1.97
2014,5,26,2.16
2014,5,27,1.58
2014,5,28,1.62
2014,5,29,2.27
2014,5,30,2.37
2014,5,31,2.24
2014,6,1,1.62
2014,6,2,1.97
2014,6,3,2.11
2014,6,4,1.92
2014,6,5,1.76
2014,6,6,1.53
2014,6,7,2.09
2014,6,8,1.51
2014,6,9,1.69
2014,6,10,1.3
2014,6,11,1.69
2014,6,12,1.46
2014,6,13,1.45
2014,6,14,1.33
2014,6,15,1.22
2014,6,16,1.07
2014,6,17,1.24
2014,6,18,1.09
2014,6,19,1.17
2014,6,20,1.29
2014,6,21,1.38
2014,6,22,1.32
2014,6,23,1.57
2014,6,24,2.07
2014,6,25,2.08
2014,6,26,1.61
2014,6,27,1.45
2014,6,28,1.08
2014,6,29,1.34
2014,6,30,2.3
2014,7,1,1.88
2014,7,2,1.54
2014,7,3,1.76
2014,7,4,1.45
2014,7,5,1.44
2014,7,6,1.52
2014,7,7,1.48
2014,7,8,1.32
2014,7,9,0.82
2014,7,10,1.7
2014,7,11,0.9
2014,7,12,0.99
2014,7,13,1.1
2014,7,14,1.19
2014,7,15,1.42
2014,7,16,1.24
2014,7,17,1.18
2014,7,18,0.9
2014,7,19,1.0
2014,7,20,1.33
2014,7,21,1.62
2014,7,22,1.01
2014,7,23,1.56
2014,7,24,1.46
2014,7,25,1.8
2014,7,26,2.07
2014,7,27,1.43
2014,7,28,1.3
2014,7,29,1.78
2014,7,30,1.09
2014,7,31,1.24
2014,8,1,1.62
2014,8,2,1.04
2014,8,3,2.22
2014,8,4,2.05
2014,8,5,1.39
2014,8,6,1.82
2014,8,7,1.69
2014,8,8,1.45
2014,8,9,1.72
2014,8,10,2.1
2014,8,11,2.22
2014,8,12,2.02
2014,8,13,1.42
2014,8,14,1.3
2014,8,15,1.27
2014,8,16,1.3
2014,8,17,1.1
2014,8,18,1.09
2014,8,19,1.86
2014,8,20,1.83
2014,8,21,1.88
2014,8,22,2.23
2014,8,23,2.19
2014,8,24,2.29
2014,8,25,1.8
2014,8,26,1.62
2014,8,27,1.94
2014,8,28,1.87
2014,8,29,0.9
2014,8,30,0.96
2014,8,31,1.77
2014,9,1,2.42
2014,9,2,2.73
2014,9,3,1.78
2014,9,4,1.92
2014,9,5,2.42
2014,9,6,2.37
2014,9,7,1.88
2014,9,8,1.77
2014,9,9,2.59
2014,9,10,2.39
2014,9,11,2.27
2014,9,12,1.98
2014,9,13,1.98
2014,9,14,2.44
2014,9,15,2.16
2014,9,16,2.05
2014,9,17,2.45
2014,9,18,2.48
2014,9,19,3.29
2014,9,20,1.48
2014,9,21,2.0
2014,9,22,2.47
2014,9,23,1.91
2014,9,24,2.34
2014,9,25,2.69
2014,9,26,2.68
2014,9,27,1.98
2014,9,28,1.96
2014,9,29,2.05
2014,9,30,1.88
2014,10,1,1.83
2014,10,2,1.56
2014,10,3,1.93
2014,10,4,2.37
2014,10,5,2.59
2014,10,6,2.32
2014,10,7,2.88
2014,10,8,3.27
2014,10,9,2.55
2014,10,10,2.45
2014,10,11,1.93
2014,10,12,1.97
2014,10,13,1.62
2014,10,14,1.55
2014,10,15,2.05
2014,10,16,1.81
2014,10,17,2.19
2014,10,18,1.95
2014,10,19,2.17
2014,10,20,1.95
2014,10,21,1.84
2014,10,22,2.34
2014,10,23,2.32
2014,10,24,2.73
2014,10,25,3.79
2014,10,26,2.79
2014,10,27,2.55
2014,10,28,3.08
2014,10,29,2.71
2014,10,30,3.55
2014,10,31,2.44
2014,11,1,2.91
2014,11,2,1.88
2014,11,3,2.23
2014,11,4,2.16
2014,11,5,2.74
2014,11,6,2.62
2014,11,7,2.56
2014,11,8,2.25
2014,11,9,2.54
2014,11,10,2.92
2014,11,11,3.67
2014,11,12,3.5
2014,11,13,3.66
2014,11,14,2.73
2014,11,15,2.43
2014,11,16,1.7
2014,11,17,1.98
2014,11,18,2.55
2014,11,19,2.45
2014,11,20,2.59
2014,11,21,2.15
2014,11,22,2.94
2014,11,23,2.34
2014,11,24,3.31
2014,11,25,2.87
2014,11,26,2.82
2014,11,27,2.2
2014,11,28,2.01
2014,11,29,2.02
2014,11,30,1.76
2014,12,1,1.83
2014,12,2,1.66
2014,12,3,2.33
2014,12,4,2.06
2014,12,5,2.29
2014,12,6,2.95
2014,12,7,1.79
2014,12,8,2.29
2014,12,9,2.54
2014,12,10,2.8
2014,12,11,2.34
2014,12,12,1.95
2014,12,13,3.46
2014,12,14,2.27
2014,12,15,2.55
2014,12,16,2.38
2014,12,17,2.7
2014,12,18,2.2
2014,12,19,2.95
2014,12,20,2.94
2014,12,21,2.52
2014,12,22,1.63
2014,12,23,1.78
2014,12,24,2.52
2014,12,25,2.18
2014,12,26,1.73
2014,12,27,2.44
2014,12,28,2.3
2014,12,29,2.18
2014,12,30,1.98
2014,12,31,2.07
2015,1,1,1.66
2015,1,2,1.44
2015,1,3,1.63
2015,1,4,1.59
2015,1,5,1.66
2015,1,6,1.36
2015,1,7,1.36
2015,1,8,1.47
2015,1,9,1.55
2015,1,10,1.41
2015,1,11,1.59
2015,1,12,1.84
2015,1,13,2.46
2015,1,14,2.3
2015,1,15,2.05
2015,1,16,2.2
2015,1,17,2.89
2015,1,18,2.43
2015,1,19,2.64
2015,1,20,2.66
2015,1,21,2.59
2015,1,22,2.72
2015,1,23,1.98
2015,1,24,2.2
2015,1,25,2.33
2015,1,26,2.57
2015,1,27,3.49
2015,1,28,2.02
2015,1,29,1.52
2015,1,30,1.91
2015,1,31,1.81
2015,2,1,1.54
2015,2,2,1.48
2015,2,3,1.47
2015,2,4,1.79
2015,2,5,2.12
2015,2,6,3.12
2015,2,7,3.24
2015,2,8,3.45
2015,2,9,2.41
2015,2,10,1.88
2015,2,11,2.2
2015,2,12,1.64
2015,2,13,1.85
2015,2,14,1.5
2015,2,15,1.28
2015,2,16,1.95
2015,2,17,2.27
2015,2,18,3.12
2015,2,19,2.55
2015,2,20,2.23
2015,2,21,1.85
2015,2,22,1.44
2015,2,23,2.6
2015,2,24,2.8
2015,2,25,2.05
2015,2,26,2.51
2015,2,27,2.1
2015,2,28,2.19
2015,3,1,1.88
2015,3,2,2.02
2015,3,3,2.16
2015,3,4,1.91
2015,3,5,1.92
2015,3,6,2.11
2015,3,7,2.03
2015,3,8,1.5
2015,3,9,1.9
2015,3,10,1.99
2015,3,11,2.19
2015,3,12,2.03
2015,3,13,2.65
2015,3,14,2.49
2015,3,15,2.3
2015,3,16,2.65
2015,3,17,1.84
2015,3,18,1.98
2015,3,19,2.43
2015,3,20,2.26
2015,3,21,1.88
2015,3,22,2.4
2015,3,23,2.32
2015,3,24,2.1
2015,3,25,2.06
2015,3,26,2.23
2015,3,27,1.99
2015,3,28,2.61
2015,3,29,1.88
2015,3,30,2.2
2015,3,31,1.62
2015,4,1,1.56
2015,4,2,2.03
2015,4,3,1.89
2015,4,4,2.12
2015,4,5,2.08
2015,4,6,1.63
2015,4,7,1.15
2015,4,8,1.41
2015,4,9,1.81
2015,4,10,1.64
2015,4,11,1.34
2015,4,12,1.47
2015,4,13,1.88
2015,4,14,1.66
2015,4,15,1.56
2015,4,16,1.8
2015,4,17,1.66
2015,4,18,1.5
2015,4,19,1.56
2015,4,20,1.63
2015,4,21,1.94
2015,4,22,1.94
2015,4,23,1.66
2015,4,24,1.82
2015,4,25,2.04
2015,4,26,1.32
2015,4,27,1.46
2015,4,28,1.97
2015,4,29,1.52
2015,4,30,1.95
2015,5,1,1.8
2015,5,2,2.34
2015,5,3,2.62
2015,5,4,1.73
2015,5,5,1.67
2015,5,6,1.19
2015,5,7,1.98
2015,5,8,1.7
2015,5,9,1.37
2015,5,10,1.47
2015,5,11,1.23
2015,5,12,1.45
2015,5,13,1.32
2015,5,14,1.81
2015,5,15,1.69
2015,5,16,1.98
2015,5,17,1.76
2015,5,18,1.28
2015,5,19,1.31
2015,5,20,1.98
2015,5,21,1.8
2015,5,22,1.73
2015,5,23,1.3
2015,5,24,2.14
2015,5,25,2.16
2015,5,26,1.54
2015,5,27,1.93
2015,5,28,2.03
2015,5,29,1.95
2015,5,30,2.09
2015,5,31,1.59
2015,6,1,1.52
2015,6,2,1.11
2015,6,3,1.21
2015,6,4,1.69
2015,6,5,1.88
2015,6,6,1.86
2015,6,7,2.13
2015,6,8,2.05
2015,6,9,2.3
2015,6,10,1.36
2015,6,11,1.53
2015,6,12,1.65
2015,6,13,1.98
2015,6,14,1.61
2015,6,15,0.93
2015,6,16,1.43
2015,6,17,1.75
2015,6,18,1.17
2015,6,19,1.26
2015,6,20,1.24
2015,6,21,1.32
2015,6,22,0.97
2015,6,23,1.41
2015,6,24,1.12
2015,6,25,1.41
2015,6,26,1.8
2015,6,27,0.88
2015,6,28,1.48
2015,6,29,1.88
2015,6,30,1.6
2015,7,1,1.3
2015,7,2,1.31
2015,7,3,1.42
2015,7,4,1.17
2015,7,5,1.22
2015,7,6,1.69
2015,7,7,1.72
2015,7,8,1.6
2015,7,9,1.7
2015,7,10,1.35
2015,7,11,1.12
2015,7,12,1.73
2015,7,13,2.16
2015,7,14,2.02
2015,7,15,2.1
2015,7,16,1.61
2015,7,17,1.46
2015,7,18,1.62
2015,7,19,1.87
2015,7,20,2.23
2015,7,21,1.93
2015,7,22,1.51
2015,7,23,1.41
2015,7,24,0.91
2015,7,25,1.45
2015,7,26,1.62
2015,7,27,1.63
2015,7,28,1.37
2015,7,29,1.33
2015,7,30,1.36
2015,7,31,1.91
2015,8,1,1.48
2015,8,2,1.28
2015,8,3,1.3
2015,8,4,0.87
2015,8,5,1.16
2015,8,6,1.79
2015,8,7,1.71
2015,8,8,1.38
2015,8,9,1.48
2015,8,10,1.38
2015,8,11,1.36
2015,8,12,1.7
2015,8,13,2.3
2015,8,14,2.12
2015,8,15,2.04
2015,8,16,1.96
2015,8,17,1.9
2015,8,18,2.16
2015,8,19,1.42
2015,8,20,1.7
2015,8,21,1.68
2015,8,22,2.17
2015,8,23,1.98
2015,8,24,1.82
2015,8,25,2.13
2015,8,26,2.62
2015,8,27,1.98
2015,8,28,0.97
2015,8,29,1.59
2015,8,30,1.28
2015,8,31,1.19
2015,9,1,1.45
2015,9,2,1.81
2015,9,3,1.8
2015,9,4,2.16
2015,9,5,2.55
2015,9,6,2.27
2015,9,7,2.1
2015,9,8,2.4
2015,9,9,2.9
2015,9,10,2.7
2015,9,11,1.83
2015,9,12,1.65
2015,9,13,1.43
2015,9,14,1.7
2015,9,15,1.68
2015,9,16,2.18
2015,9,17,2.56
2015,9,18,2.7
2015,9,19,1.45
2015,9,20,1.58
2015,9,21,1.7
2015,9,22,2.05
2015,9,23,2.1
2015,9,24,2.2
2015,9,25,2.1
2015,9,26,2.14
2015,9,27,1.61
2015,9,28,1.77
2015,9,29,1.98
2015,9,30,2.29
2015,10,1,2.16
2015,10,2,2.2
2015,10,3,1.97
2015,10,4,1.71
2015,10,5,2.19
2015,10,6,2.06
2015,10,7,2.2
2015,10,8,2.34
2015,10,9,2.38
2015,10,10,2.16
2015,10,11,2.66
2015,10,12,2.46
2015,10,13,2.7
2015,10,14,2.42
2015,10,15,2.02
2015,10,16,1.95
2015,10,17,1.53
2015,10,18,2.07
2015,10,19,1.84
2015,10,20,1.79
2015,10,21,2.18
2015,10,22,2.45
2015,10,23,2.77
2015,10,24,2.3
2015,10,25,1.64
2015,10,26,1.3
2015,10,27,1.4
2015,10,28,2.25
2015,10,29,2.52
2015,10,30,2.64
2015,10,31,3.1
2015,11,1,3.49
2015,11,2,1.81
2015,11,3,2.48
2015,11,4,3.02
2015,11,5,2.7
2015,11,6,3.09
2015,11,7,2.86
2015,11,8,1.65
2015,11,9,1.8
2015,11,10,1.96
2015,11,11,1.8
2015,11,12,2.26
2015,11,13,2.14
2015,11,14,1.93
2015,11,15,1.02
2015,11,16,2.11
2015,11,17,1.58
2015,11,18,1.8
2015,11,19,2.83
2015,11,20,2.52
2015,11,21,2.3
2015,11,22,1.85
2015,11,23,2.68
2015,11,24,1.79
2015,11,25,1.75
2015,11,26,2.08
2015,11,27,2.08
2015,11,28,2.69
2015,11,29,1.73
2015,11,30,1.53
2015,12,1,1.36
2015,12,2,1.47
2015,12,3,2.07
2015,12,4,1.43
2015,12,5,1.77
2015,12,6,2.02
2015,12,7,1.62
2015,12,8,1.88
2015,12,9,2.05
2015,12,10,1.66
2015,12,11,1.97
2015,12,12,2.06
2015,12,13,2.52
2015,12,14,2.52
2015,12,15,1.89
2015,12,16,1.73
2015,12,17,1.71
2015,12,18,1.8
2015,12,19,1.72
2015,12,20,1.16
2015,12,21,1.55
2015,12,22,2.07
2015,12,23,1.74
2015,12,24,1.7
2015,12,25,1.09
2015,12,26,1.4
2015,12,27,2.16
2015,12,28,1.55
2015,12,29,1.64
2015,12,30,1.37
2015,12,31,1.34
2016,1,1,1.99
2016,1,2,1.93
2016,1,3,2.37
2016,1,4,3.05
2016,1,5,3.29
2016,1,6,3.35
2016,1,7,2.87
2016,1,8,4.16
2016,1,9,4.1
2016,1,10,4.08
2016,1,11,1.83
2016,1,12,2.4
2016,1,13,2.27
2016,1,14,2.5
2016,1,15,2.22
2016,1,16,2.57
2016,1,17,3.31
2016,1,18,2.92
2016,1,19,3.28
2016,1,20,2.64
2016,1,21,2.8
2016,1,22,2.63
2016,1,23,2.34
2016,1,24,2.42
2016,1,25,2.81
2016,1,26,2.6
2016,1,27,2.3
2016,1,28,2.72
2016,1,29,3.81
2016,1,30,2.69
2016,1,31,2.16
2016,2,1,2.23
2016,2,2,2.53
2016,2,3,2.77
2016,2,4,2.76
2016,2,5,2.2
2016,2,6,1.73
2016,2,7,2.27
2016,2,8,2.8
2016,2,9,2.23
2016,2,10,2.47
2016,2,11,1.69
2016,2,12,1.87
2016,2,13,2.22
2016,2,14,2.29
2016,2,15,2.16
2016,2,16,1.73
2016,2,17,2.64
2016,2,18,2.24
2016,2,19,2.05
2016,2,20,2.83
2016,2,21,3.01
2016,2,22,1.88
2016,2,23,2.1
2016,2,24,2.5
2016,2,25,2.81
2016,2,26,1.78
2016,2,27,2.59
2016,2,28,2.3
2016,2,29,2.12
2016,3,1,2.25
2016,3,2,2.59
2016,3,3,2.61
2016,3,4,2.48
2016,3,5,2.15
2016,3,6,2.2
2016,3,7,1.52
2016,3,8,1.95
2016,3,9,1.82
2016,3,10,2.49
2016,3,11,1.66
2016,3,12,1.59
2016,3,13,1.81
2016,3,14,1.45
2016,3,15,1.2
2016,3,16,1.92
2016,3,17,2.55
2016,3,18,2.44
2016,3,19,2.16
2016,3,20,2.22
2016,3,21,1.2
2016,3,22,2.09
2016,3,23,2.3
2016,3,24,2.12
2016,3,25,2.09
2016,3,26,2.04
2016,3,27,2.45
2016,3,28,2.19
2016,3,29,2.48
2016,3,30,2.2
2016,3,31,2.0
2016,4,1,2.37
2016,4,2,2.41
2016,4,3,2.58
2016,4,4,2.06
2016,4,5,1.52
2016,4,6,2.08
2016,4,7,2.34
2016,4,8,2.12
2016,4,9,2.03
2016,4,10,2.79
2016,4,11,3.66
2016,4,12,1.96
2016,4,13,2.32
2016,4,14,2.54
2016,4,15,2.44
2016,4,16,2.63
2016,4,17,1.43
2016,4,18,2.05
2016,4,19,2.16
2016,4,20,1.76
2016,4,21,1.56
2016,4,22,1.8
2016,4,23,2.18
2016,4,24,2.95
2016,4,25,2.51
2016,4,26,2.53
2016,4,27,2.48
2016,4,28,1.95
2016,4,29,1.97
2016,4,30,1.72
2016,5,1,1.71
2016,5,2,2.2
2016,5,3,2.22
2016,5,4,1.7
2016,5,5,2.17
2016,5,6,2.2
2016,5,7,1.73
2016,5,8,1.92
2016,5,9,2.99
2016,5,10,1.64
2016,5,11,1.88
2016,5,12,1.55
2016,5,13,1.38
2016,5,14,1.38
2016,5,15,1.62
2016,5,16,1.74
2016,5,17,1.86
2016,5,18,1.86
2016,5,19,1.7
2016,5,20,1.65
2016,5,21,1.34
2016,5,22,1.58
2016,5,23,1.23
2016,5,24,1.38
2016,5,25,1.78
2016,5,26,1.48
2016,5,27,2.04
2016,5,28,2.06
2016,5,29,2.09
2016,5,30,2.24
2016,5,31,2.88
2016,6,1,2.0
2016,6,2,1.87
2016,6,3,1.83
2016,6,4,1.9
2016,6,5,2.34
2016,6,6,2.26
2016,6,7,1.59
2016,6,8,1.37
2016,6,9,1.64
2016,6,10,1.76
2016,6,11,1.34
2016,6,12,1.69
2016,6,13,1.58
2016,6,14,1.42
2016,6,15,1.12
2016,6,16,1.68
2016,6,17,1.55
2016,6,18,1.63
2016,6,19,1.41
2016,6,20,1.47
2016,6,21,1.48
2016,6,22,1.63
2016,6,23,1.79
2016,6,24,1.62
2016,6,25,1.5
2016,6,26,1.5
2016,6,27,0.96
2016,6,28,1.34
2016,6,29,1.3
2016,6,30,1.23
2016,7,1,1.34
2016,7,2,1.97
2016,7,3,1.93
2016,7,4,1.91
2016,7,5,1.8
2016,7,6,1.76
2016,7,7,1.29
2016,7,8,1.28
2016,7,9,1.48
2016,7,10,1.73
2016,7,11,1.88
2016,7,12,2.05
2016,7,13,1.67
2016,7,14,1.48
2016,7,15,2.12
2016,7,16,1.89
2016,7,17,1.89
2016,7,18,1.95
2016,7,19,1.76
2016,7,20,1.3
2016,7,21,1.31
2016,7,22,1.98
2016,7,23,1.93
2016,7,24,2.18
2016,7,25,1.2
2016,7,26,2.03
2016,7,27,1.16
2016,7,28,1.58
2016,7,29,1.29
2016,7,30,1.88
2016,7,31,1.93
2016,8,1,1.52
2016,8,2,1.75
2016,8,3,1.58
2016,8,4,1.13
2016,8,5,1.82
2016,8,6,2.13
2016,8,7,2.21
2016,8,8,2.23
2016,8,9,1.68
2016,8,10,1.23
2016,8,11,1.98
2016,8,12,2.03
2016,8,13,1.89
2016,8,14,1.62
2016,8,15,2.0
2016,8,16,1.61
2016,8,17,1.94
2016,8,18,2.16
2016,8,19,1.97
2016,8,20,1.52
2016,8,21,1.12
2016,8,22,0.88
2016,8,23,1.73
2016,8,24,2.19
2016,8,25,2.16
2016,8,26,2.02
2016,8,27,1.84
2016,8,28,2.02
2016,8,29,1.85
2016,8,30,2.05
2016,8,31,2.05
2016,9,1,1.76
2016,9,2,2.11
2016,9,3,2.35
2016,9,4,2.12
2016,9,5,2.53
2016,9,6,1.73
2016,9,7,2.06
2016,9,8,2.41
2016,9,9,1.92
2016,9,10,1.73
2016,9,11,1.8
2016,9,12,2.95
2016,9,13,3.65
2016,9,14,1.69
2016,9,15,1.65
2016,9,16,1.73
2016,9,17,2.03
2016,9,18,2.1
2016,9,19,1.45
2016,9,20,2.05
2016,9,21,1.23
2016,9,22,2.05
2016,9,23,1.99
2016,9,24,1.66
2016,9,25,1.96
2016,9,26,1.87
2016,9,27,1.76
2016,9,28,2.23
2016,9,29,2.73
2016,9,30,3.84
2016,10,1,2.88
2016,10,2,1.94
2016,10,3,2.66
2016,10,4,2.91
2016,10,5,2.18
2016,10,6,2.55
2016,10,7,3.29
2016,10,8,2.73
2016,10,9,2.9
2016,10,10,2.46
2016,10,11,2.68
2016,10,12,2.31
2016,10,13,2.33
2016,10,14,1.66
2016,10,15,1.98
2016,10,16,2.54
2016,10,17,2.66
2016,10,18,2.48
2016,10,19,2.59
2016,10,20,2.19
2016,10,21,2.27
2016,10,22,2.92
2016,10,23,3.1
2016,10,24,3.03
2016,10,25,3.15
2016,10,26,2.68
2016,10,27,3.02
2016,10,28,2.58
2016,10,29,2.02
2016,10,30,2.44
2016,10,31,2.37
2016,11,1,2.64
2016,11,2,3.05
2016,11,3,2.44
2016,11,4,2.26
2016,11,5,1.87
2016,11,6,2.21
2016,11,7,2.4
2016,11,8,3.11
2016,11,9,2.41
2016,11,10,3.7
2016,11,11,2.01
2016,11,12,2.59
2016,11,13,2.83
2016,11,14,2.64
2016,11,15,2.19
2016,11,16,2.32
2016,11,17,2.41
2016,11,18,2.97
2016,11,19,2.76
2016,11,20,2.33
2016,11,21,2.44
2016,11,22,2.7
2016,11,23,2.97
2016,11,24,3.49
2016,11,25,2.51
2016,11,26,2.71
2016,11,27,2.76
2016,11,28,2.3
2016,11,29,1.95
2016,11,30,2.13
2016,12,1,2.4
2016,12,2,2.31
2016,12,3,1.58
2016,12,4,1.84
2016,12,5,3.23
2016,12,6,2.64
2016,12,7,2.83
2016,12,8,2.8
2016,12,9,3.14
2016,12,10,2.77
2016,12,11,2.19
2016,12,12,2.16
2016,12,13,2.3
2016,12,14,2.59
2016,12,15,2.11
2016,12,16,2.27
2016,12,17,2.33
2016,12,18,2.31
2016,12,19,3.3
2016,12,20,3.95
2016,12,21,3.78
2016,12,22,2.41
2016,12,23,3.3
2016,12,24,2.93
2016,12,25,3.09
2016,12,26,3.05
2016,12,27,2.34
2016,12,28,2.21
2016,12,29,2.27
2016,12,30,2.13
2016,12,31,2.22
2017,1,1,2.23
2017,1,2,1.88
2017,1,3,2.09
2017,1,4,1.41
2017,1,5,1.31
2017,1,6,1.42
2017,1,7,2.02
2017,1,8,1.47
2017,1,9,3.03
2017,1,10,3.51
2017,1,11,2.72
2017,1,12,1.65
2017,1,13,1.98
2017,1,14,3.38
2017,1,15,3.6
2017,1,16,2.53
2017,1,17,2.86
2017,1,18,2.34
2017,1,19,2.72
2017,1,20,2.76
2017,1,21,1.56
2017,1,22,2.5
2017,1,23,2.61
2017,1,24,2.27
2017,1,25,2.47
2017,1,26,2.56
2017,1,27,2.01
2017,1,28,1.73
2017,1,29,2.08
2017,1,30,2.27
2017,1,31,1.97
2017,2,1,2.0
2017,2,2,2.26
2017,2,3,2.25
2017,2,4,1.86
2017,2,5,1.69
2017,2,6,1.29
2017,2,7,1.83
2017,2,8,1.96
2017,2,9,2.09
2017,2,10,1.92
2017,2,11,2.45
2017,2,12,2.43
2017,2,13,2.34
2017,2,14,2.24
2017,2,15,2.11
2017,2,16,2.23
2017,2,17,2.02
2017,2,18,1.92
2017,2,19,2.2
2017,2,20,2.24
2017,2,21,2.8
2017,2,22,2.05
2017,2,23,2.05
2017,2,24,2.09
2017,2,25,2.2
2017,2,26,1.82
2017,2,27,2.23
2017,2,28,2.02
2017,3,1,1.91
2017,3,2,2.22
2017,3,3,1.95
2017,3,4,1.98
2017,3,5,2.27
2017,3,6,2.06
2017,3,7,1.75
2017,3,8,1.34
2017,3,9,1.77
2017,3,10,1.84
2017,3,11,2.21
2017,3,12,2.29
2017,3,13,1.61
2017,3,14,2.34
2017,3,15,2.09
2017,3,16,1.98
2017,3,17,2.63
2017,3,18,2.16
2017,3,19,1.73
2017,3,20,1.57
2017,3,21,1.97
2017,3,22,2.02
2017,3,23,2.33
2017,3,24,1.85
2017,3,25,1.6
2017,3,26,1.7
2017,3,27,1.82
2017,3,28,1.77
2017,3,29,2.33
2017,3,30,2.39
2017,3,31,1.91
2017,4,1,1.81
2017,4,2,1.7
2017,4,3,1.86
2017,4,4,1.91
2017,4,5,1.83
2017,4,6,1.82
2017,4,7,2.3
2017,4,8,2.43
2017,4,9,1.36
2017,4,10,2.01
2017,4,11,2.3
2017,4,12,1.5
2017,4,13,1.71
2017,4,14,1.44
2017,4,15,1.42
2017,4,16,1.78
2017,4,17,1.94
2017,4,18,1.77
2017,4,19,2.14
2017,4,20,2.48
2017,4,21,2.23
2017,4,22,1.85
2017,4,23,1.45
2017,4,24,1.73
2017,4,25,2.68
2017,4,26,1.7
2017,4,27,1.74
2017,4,28,1.71
2017,4,29,2.02
2017,4,30,2.44
2017,5,1,2.02
2017,5,2,2.27
2017,5,3,2.84
2017,5,4,2.16
2017,5,5,2.77
2017,5,6,1.92
2017,5,7,2.89
2017,5,8,1.91
2017,5,9,2.19
2017,5,10,2.09
2017,5,11,2.02
2017,5,12,2.48
2017,5,13,1.61
2017,5,14,1.17
2017,5,15,2.02
2017,5,16,2.15
2017,5,17,1.84
2017,5,18,1.73
2017,5,19,1.96
2017,5,20,2.09
2017,5,21,2.35
2017,5,22,1.5
2017,5,23,1.48
2017,5,24,1.82
2017,5,25,1.72
2017,5,26,2.16
2017,5,27,1.96
2017,5,28,1.78
2017,5,29,1.66
2017,5,30,1.88
2017,5,31,1.59
2017,6,1,1.72
2017,6,2,1.35
2017,6,3,1.82
2017,6,4,1.62
2017,6,5,1.5
2017,6,6,2.14
2017,6,7,2.77
2017,6,8,2.48
2017,6,9,1.79
2017,6,10,1.88
2017,6,11,2.16
2017,6,12,2.4
2017,6,13,1.95
2017,6,14,1.38
2017,6,15,1.69
2017,6,16,1.88
2017,6,17,3.05
2017,6,18,2.38
2017,6,19,1.93
2017,6,20,1.57
2017,6,21,1.45
2017,6,22,1.87
2017,6,23,1.8
2017,6,24,1.66
2017,6,25,1.41
2017,6,26,2.03
2017,6,27,2.23
2017,6,28,2.31
2017,6,29,1.59
2017,6,30,1.27
2017,7,1,1.49
2017,7,2,1.07
2017,7,3,1.86
2017,7,4,1.8
2017,7,5,1.7
2017,7,6,1.29
2017,7,7,1.4
2017,7,8,1.3
2017,7,9,1.26
2017,7,10,1.68
2017,7,11,1.37
2017,7,12,1.54
2017,7,13,2.06
2017,7,14,2.12
2017,7,15,2.65
2017,7,16,2.51
2017,7,17,1.61
2017,7,18,1.69
2017,7,19,1.18
2017,7,20,1.64
2017,7,21,1.84
2017,7,22,1.59
2017,7,23,1.6
2017,7,24,1.27
2017,7,25,0.95
2017,7,26,1.18
2017,7,27,1.33
2017,7,28,1.63
2017,7,29,1.66
2017,7,30,1.66
2017,7,31,1.57
2017,8,1,1.98
2017,8,2,2.02
2017,8,3,1.98
2017,8,4,1.59
2017,8,5,1.83
2017,8,6,1.94
2017,8,7,2.08
2017,8,8,2.19
2017,8,9,1.72
2017,8,10,2.08
2017,8,11,2.23
2017,8,12,2.27
2017,8,13,2.03
2017,8,14,1.96
2017,8,15,2.04
2017,8,16,2.21
2017,8,17,2.33
2017,8,18,2.41
2017,8,19,2.69
2017,8,20,2.04
2017,8,21,1.65
2017,8,22,1.78
2017,8,23,1.91
2017,8,24,1.74
2017,8,25,2.03
2017,8,26,2.12
2017,8,27,2.12
2017,8,28,2.38
2017,8,29,1.48
2017,8,30,1.76
2017,8,31,0.99
2017,9,1,1.5
2017,9,2,1.64
2017,9,3,1.86
2017,9,4,2.23
2017,9,5,2.12
2017,9,6,2.09
2017,9,7,3.03
2017,9,8,2.57
2017,9,9,2.07
2017,9,10,2.14
2017,9,11,2.45
2017,9,12,2.45
2017,9,13,2.08
2017,9,14,1.93
2017,9,15,2.18
2017,9,16,1.72
2017,9,17,1.46
2017,9,18,1.68
2017,9,19,2.32
2017,9,20,2.38
2017,9,21,2.3
2017,9,22,2.22
2017,9,23,1.8
2017,9,24,1.58
2017,9,25,1.87
2017,9,26,2.0
2017,9,27,2.21
2017,9,28,1.5
2017,9,29,1.9
2017,9,30,2.13
2017,10,1,2.4
2017,10,2,2.27
2017,10,3,2.29
2017,10,4,1.95
2017,10,5,2.09
2017,10,6,1.52
2017,10,7,1.38
2017,10,8,1.91
2017,10,9,1.83
2017,10,10,2.11
2017,10,11,1.75
2017,10,12,2.02
2017,10,13,2.12
2017,10,14,2.1
2017,10,15,1.76
2017,10,16,1.8
2017,10,17,1.86
2017,10,18,1.56
2017,10,19,2.16
2017,10,20,1.95
2017,10,21,2.25
2017,10,22,2.09
2017,10,23,1.71
2017,10,24,1.84
2017,10,25,1.91
2017,10,26,2.12
2017,10,27,2.84
2017,10,28,3.04
2017,10,29,1.98
2017,10,30,1.84
2017,10,31,3.0
2017,11,1,2.42
2017,11,2,2.9
2017,11,3,3.28
2017,11,4,3.07
2017,11,5,2.7
2017,11,6,2.61
2017,11,7,3.01
2017,11,8,2.45
2017,11,9,2.98
2017,11,10,2.41
2017,11,11,2.45
2017,11,12,2.46
2017,11,13,2.99
2017,11,14,2.16
2017,11,15,1.78
2017,11,16,2.77
2017,11,17,2.16
2017,11,18,2.73
2017,11,19,3.35
2017,11,20,3.07
2017,11,21,2.98
2017,11,22,3.02
2017,11,23,2.72
2017,11,24,2.5
2017,11,25,2.08
2017,11,26,2.42
2017,11,27,2.52
2017,11,28,2.53
2017,11,29,2.33
2017,11,30,2.8
2017,12,1,2.61
2017,12,2,2.51
2017,12,3,2.4
2017,12,4,2.36
2017,12,5,2.1
2017,12,6,2.12
2017,12,7,2.86
2017,12,8,2.73
2017,12,9,2.55
2017,12,10,2.79
2017,12,11,2.39
2017,12,12,2.42
2017,12,13,2.21
2017,12,14,2.16
2017,12,15,2.18
2017,12,16,2.11
2017,12,17,2.44
2017,12,18,2.29
2017,12,19,2.26
2017,12,20,2.41
2017,12,21,3.08
2017,12,22,2.8
2017,12,23,3.23
2017,12,24,3.01
2017,12,25,3.49
2017,12,26,4.11
2017,12,27,3.19
2017,12,28,3.34
2017,12,29,1.97
2017,12,30,2.25
2017,12,31,2.73
2018,1,1,2.23
2018,1,2,2.25
2018,1,3,2.02
2018,1,4,2.4
2018,1,5,2.57
2018,1,6,2.07
2018,1,7,2.41
2018,1,8,2.56
2018,1,9,2.23
2018,1,10,2.3
2018,1,11,2.66
2018,1,12,2.72
2018,1,13,2.67
2018,1,14,3.31
2018,1,15,2.23
2018,1,16,2.53
2018,1,17,2.7
2018,1,18,2.23
2018,1,19,1.98
2018,1,20,1.78
2018,1,21,1.91
2018,1,22,1.94
2018,1,23,1.94
2018,1,24,1.48
2018,1,25,2.08
2018,1,26,1.98
2018,1,27,1.91
2018,1,28,2.27
2018,1,29,2.31
2018,1,30,2.55
2018,1,31,2.38
2018,2,1,3.37
2018,2,2,3.56
2018,2,3,3.02
2018,2,4,2.81
2018,2,5,3.43
2018,2,6,2.8
2018,2,7,2.94
2018,2,8,3.16
2018,2,9,2.69
2018,2,10,2.79
2018,2,11,2.62
2018,2,12,2.09
2018,2,13,2.59
2018,2,14,2.73
2018,2,15,1.81
2018,2,16,1.73
2018,2,17,2.58
2018,2,18,2.59
2018,2,19,2.56
2018,2,20,2.57
2018,2,21,2.47
2018,2,22,2.41
2018,2,23,2.09
2018,2,24,1.76
2018,2,25,2.05
2018,2,26,2.37
2018,2,27,2.28
2018,2,28,2.54
2018,3,1,2.91
2018,3,2,2.08
2018,3,3,2.31
2018,3,4,2.67
2018,3,5,2.92
2018,3,6,2.23
2018,3,7,1.9
2018,3,8,1.76
2018,3,9,2.05
2018,3,10,1.57
2018,3,11,1.78
2018,3,12,2.48
2018,3,13,2.04
2018,3,14,2.19
2018,3,15,2.29
2018,3,16,2.15
2018,3,17,2.38
2018,3,18,2.06
2018,3,19,2.18
2018,3,20,1.94
2018,3,21,1.73
2018,3,22,2.25
2018,3,23,2.45
2018,3,24,2.47
2018,3,25,1.29
2018,3,26,1.92
2018,3,27,2.12
2018,3,28,2.09
2018,3,29,1.76
2018,3,30,2.16
2018,3,31,2.08
2018,4,1,2.69
2018,4,2,2.26
2018,4,3,1.95
2018,4,4,1.68
2018,4,5,2.73
2018,4,6,2.02
2018,4,7,2.01
2018,4,8,1.97
2018,4,9,2.09
2018,4,10,2.54
2018,4,11,2.37
2018,4,12,1.89
2018,4,13,2.05
2018,4,14,1.72
2018,4,15,1.72
2018,4,16,2.27
2018,4,17,2.15
2018,4,18,1.55
2018,4,19,1.05
2018,4,20,1.4
2018,4,21,2.16
2018,4,22,1.79
2018,4,23,1.61
2018,4,24,1.88
2018,4,25,1.89
2018,4,26,1.95
2018,4,27,1.91
2018,4,28,1.99
2018,4,29,1.28
2018,4,30,1.63
2018,5,1,2.05
2018,5,2,1.88
2018,5,3,1.95
2018,5,4,1.74
2018,5,5,1.84
2018,5,6,1.98
2018,5,7,1.8
2018,5,8,2.07
2018,5,9,1.99
2018,5,10,2.16
2018,5,11,2.1
2018,5,12,2.09
2018,5,13,2.1
2018,5,14,2.37
2018,5,15,1.75
2018,5,16,1.64
2018,5,17,1.82
2018,5,18,2.03
2018,5,19,2.02
2018,5,20,1.89
2018,5,21,1.58
2018,5,22,1.86
2018,5,23,1.83
2018,5,24,1.55
2018,5,25,1.7
2018,5,26,1.62
2018,5,27,1.92
2018,5,28,1.91
2018,5,29,1.89
2018,5,30,1.92
2018,5,31,1.66
2018,6,1,1.57
2018,6,2,1.26
2018,6,3,1.13
2018,6,4,1.55
2018,6,5,1.32
2018,6,6,1.77
2018,6,7,1.86
2018,6,8,1.59
2018,6,9,1.67
2018,6,10,1.62
2018,6,11,1.63
2018,6,12,1.77
2018,6,13,1.37
2018,6,14,1.28
2018,6,15,1.69
2018,6,16,1.59
2018,6,17,1.24
2018,6,18,1.31
2018,6,19,1.19
2018,6,20,1.38
2018,6,21,1.6
2018,6,22,1.43
2018,6,23,1.52
2018,6,24,1.7
2018,6,25,1.79
2018,6,26,1.49
2018,6,27,1.82
2018,6,28,2.05
2018,6,29,2.15
2018,6,30,1.53
2018,7,1,1.8
2018,7,2,2.07
2018,7,3,1.55
2018,7,4,1.42
2018,7,5,1.52
2018,7,6,1.62
2018,7,7,1.53
2018,7,8,1.35
2018,7,9,1.52
2018,7,10,1.28
2018,7,11,1.66
2018,7,12,1.55
2018,7,13,1.39
2018,7,14,1.39
2018,7,15,1.34
2018,7,16,1.89
2018,7,17,1.5
2018,7,18,1.88
2018,7,19,1.92
2018,7,20,1.87
2018,7,21,1.88
2018,7,22,1.49
2018,7,23,2.18
2018,7,24,1.51
2018,7,25,1.52
2018,7,26,1.31
2018,7,27,1.31
2018,7,28,1.94
2018,7,29,1.9
2018,7,30,1.77
2018,7,31,1.46
2018,8,1,1.34
2018,8,2,1.61
2018,8,3,2.3
2018,8,4,1.41
2018,8,5,1.6
2018,8,6,1.44
2018,8,7,1.55
2018,8,8,1.09
2018,8,9,0.9
2018,8,10,2.55
2018,8,11,1.42
2018,8,12,1.12
2018,8,13,2.2
2018,8,14,1.83
2018,8,15,1.61
2018,8,16,1.53
2018,8,17,1.56
2018,8,18,1.62
2018,8,19,1.77
2018,8,20,1.26
2018,8,21,1.04
2018,8,22,0.99
2018,8,23,2.28
2018,8,24,1.97
2018,8,25,1.78
2018,8,26,1.21
2018,8,27,2.04
2018,8,28,1.66
2018,8,29,1.91
2018,8,30,1.84
2018,8,31,2.01
2018,9,1,2.39
2018,9,2,2.04
2018,9,3,1.23
2018,9,4,1.38
2018,9,5,1.94
2018,9,6,1.93
2018,9,7,1.86
2018,9,8,1.45
2018,9,9,1.72
2018,9,10,1.97
2018,9,11,1.94
2018,9,12,2.36
2018,9,13,3.38
2018,9,14,2.96
2018,9,15,2.44
2018,9,16,1.55
2018,9,17,2.12
2018,9,18,1.63
2018,9,19,1.61
2018,9,20,1.7
2018,9,21,1.75
2018,9,22,1.59
2018,9,23,1.73
2018,9,24,1.54
2018,9,25,1.66
2018,9,26,1.8
2018,9,27,1.88
2018,9,28,1.92
2018,9,29,2.22
2018,9,30,2.24
2018,10,1,2.41
2018,10,2,2.31
2018,10,3,2.28
2018,10,4,2.52
2018,10,5,2.62
2018,10,6,2.27
2018,10,7,2.31
2018,10,8,2.35
2018,10,9,3.3
2018,10,10,1.91
2018,10,11,2.34
2018,10,12,2.96
2018,10,13,2.05
2018,10,14,2.59
2018,10,15,2.42
2018,10,16,2.76
2018,10,17,2.92
2018,10,18,3.05
2018,10,19,1.87
2018,10,20,2.43
2018,10,21,2.98
2018,10,22,2.8
2018,10,23,3.46
2018,10,24,3.48
2018,10,25,2.38
2018,10,26,2.36
2018,10,27,1.73
2018,10,28,2.41
2018,10,29,1.98
2018,10,30,2.1
2018,10,31,1.92
2018,11,1,1.55
2018,11,2,1.42
2018,11,3,2.54
2018,11,4,1.92
2018,11,5,2.73
2018,11,6,2.12
2018,11,7,2.09
2018,11,8,2.31
2018,11,9,2.6
2018,11,10,2.98
2018,11,11,2.46
2018,11,12,2.05
2018,11,13,2.42
2018,11,14,2.34
2018,11,15,2.09
2018,11,16,2.48
2018,11,17,2.24
2018,11,18,1.53
2018,11,19,1.99
2018,11,20,2.08
2018,11,21,2.09
2018,11,22,2.72
2018,11,23,2.97
2018,11,24,3.33
2018,11,25,2.4
2018,11,26,2.55
2018,11,27,2.44
2018,11,28,2.27
2018,11,29,3.25
2018,11,30,3.26
2018,12,1,2.59
2018,12,2,2.93
2018,12,3,3.18
2018,12,4,1.59
2018,12,5,2.04
2018,12,6,2.34
2018,12,7,1.87
2018,12,8,1.8
2018,12,9,1.91
2018,12,10,1.93
2018,12,11,1.38
2018,12,12,1.69
2018,12,13,1.92
2018,12,14,1.68
2018,12,15,1.94
2018,12,16,1.85
2018,12,17,2.28
2018,12,18,1.93
2018,12,19,1.93
2018,12,20,2.02
2018,12,21,2.24
2018,12,22,1.77
2018,12,23,1.91
2018,12,24,1.62
2018,12,25,1.84
2018,12,26,1.72
2018,12,27,1.52
2018,12,28,1.69
2018,12,29,1.83
2018,12,30,1.8
2018,12,31,1.23
2019,1,1,1.31
2019,1,2,1.73
2019,1,3,1.66
2019,1,4,1.64
2019,1,5,1.79
2019,1,6,2.15
2019,1,7,2.77
2019,1,8,3.69
2019,1,9,1.91
2019,1,10,2.21
2019,1,11,2.46
2019,1,12,2.42
2019,1,13,2.55
2019,1,14,1.85
2019,1,15,1.72
2019,1,16,1.89
2019,1,17,1.83
2019,1,18,1.98
2019,1,19,2.32
2019,1,20,2.44
2019,1,21,2.07
2019,1,22,1.59
2019,1,23,1.7
2019,1,24,1.97
2019,1,25,2.02
2019,1,26,1.7
2019,1,27,2.55
2019,1,28,3.17
2019,1,29,2.3
2019,1,30,2.45
2019,1,31,2.8
2019,2,1,1.7
2019,2,2,2.12
2019,2,3,2.15
2019,2,4,2.29
2019,2,5,2.16
2019,2,6,2.12
2019,2,7,2.7
2019,2,8,1.86
2019,2,9,1.91
2019,2,10,2.16
2019,2,11,2.08
2019,2,12,2.13
2019,2,13,2.16
2019,2,14,2.1
2019,2,15,2.2
2019,2,16,2.47
2019,2,17,2.56
2019,2,18,2.45
2019,2,19,2.78
2019,2,20,2.16
2019,2,21,1.95
2019,2,22,1.82
2019,2,23,2.3
2019,2,24,2.12
2019,2,25,2.11
2019,2,26,1.82
2019,2,27,1.94
2019,2,28,1.98
2019,3,1,2.24
2019,3,2,1.5
2019,3,3,1.62
2019,3,4,1.66
2019,3,5,1.85
2019,3,6,1.47
2019,3,7,1.89
2019,3,8,1.69
2019,3,9,1.55
2019,3,10,1.83
2019,3,11,1.91
2019,3,12,1.99
2019,3,13,1.97
2019,3,14,2.58
2019,3,15,2.09
2019,3,16,1.85
2019,3,17,1.73
2019,3,18,2.31
2019,3,19,2.52
2019,3,20,1.95
2019,3,21,2.54
2019,3,22,1.67
2019,3,23,1.53
2019,3,24,1.36
2019,3,25,2.19
2019,3,26,1.83
2019,3,27,1.92
2019,3,28,2.1
2019,3,29,2.1
2019,3,30,1.6
2019,3,31,2.2
2019,4,1,2.94
2019,4,2,2.38
2019,4,3,2.58
2019,4,4,2.54
2019,4,5,2.27
2019,4,6,2.21
2019,4,7,2.09
2019,4,8,2.08
2019,4,9,2.62
2019,4,10,2.64
2019,4,11,2.1
2019,4,12,2.27
2019,4,13,2.34
2019,4,14,2.41
2019,4,15,1.82
2019,4,16,1.81
2019,4,17,2.48
2019,4,18,1.91
2019,4,19,2.3
2019,4,20,2.23
2019,4,21,2.02
2019,4,22,1.33
2019,4,23,1.88
2019,4,24,1.73
2019,4,25,1.67
2019,4,26,1.8
2019,4,27,1.48
2019,4,28,1.52
2019,4,29,1.27
2019,4,30,1.53
2019,5,1,1.86
2019,5,2,1.96
2019,5,3,1.23
2019,5,4,2.13
2019,5,5,1.48
2019,5,6,1.89
2019,5,7,1.84
2019,5,8,2.08
2019,5,9,2.1
2019,5,10,2.13
2019,5,11,2.34
2019,5,12,2.14
2019,5,13,1.88
2019,5,14,1.44
2019,5,15,1.47
2019,5,16,1.91
2019,5,17,2.84
2019,5,18,2.41
2019,5,19,2.35
2019,5,20,1.77
2019,5,21,1.55
2019,5,22,1.68
2019,5,23,2.17
2019,5,24,2.02
2019,5,25,2.27
2019,5,26,2.05
2019,5,27,2.15
2019,5,28,2.01
2019,5,29,1.73
2019,5,30,2.48
2019,5,31,1.89
2019,6,1,2.58
2019,6,2,1.63
2019,6,3,1.12
2019,6,4,1.36
2019,6,5,1.34
2019,6,6,1.7
2019,6,7,1.94
2019,6,8,1.49
2019,6,9,1.78
2019,6,10,1.88
2019,6,11,1.95
2019,6,12,1.94
2019,6,13,1.87
2019,6,14,1.8
2019,6,15,1.8
2019,6,16,1.21
2019,6,17,1.04
2019,6,18,1.22
2019,6,19,1.42
2019,6,20,1.88
2019,6,21,2.79
2019,6,22,0.6
2019,6,23,2.0
2019,6,24,1.95
2019,6,25,1.45
2019,6,26,1.88
2019,6,27,1.59
2019,6,28,1.38
2019,6,29,1.73
2019,6,30,1.8
2019,7,1,1.88
2019,7,2,2.02
2019,7,3,2.21
2019,7,4,1.47
2019,7,5,1.62
2019,7,6,1.27
2019,7,7,1.29
2019,7,8,1.48
2019,7,9,1.87
2019,7,10,1.69
2019,7,11,1.97
2019,7,12,2.13
2019,7,13,1.46
2019,7,14,1.55
2019,7,15,1.67
2019,7,16,1.48
2019,7,17,1.41
2019,7,18,1.75
2019,7,19,1.01
2019,7,20,1.32
2019,7,21,1.84
2019,7,22,2.19
2019,7,23,2.12
2019,7,24,2.28
2019,7,25,1.85
2019,7,26,1.66
2019,7,27,1.24
2019,7,28,1.45
2019,7,29,2.05
2019,7,30,1.41
2019,7,31,1.4
2019,8,1,1.93
2019,8,2,2.16
2019,8,3,1.89
2019,8,4,0.59
2019,8,5,1.48
2019,8,6,1.62
2019,8,7,1.48
2019,8,8,1.81
2019,8,9,1.82
2019,8,10,1.52
2019,8,11,1.66
2019,8,12,1.91
2019,8,13,1.2
2019,8,14,0.76
2019,8,15,1.88
2019,8,16,1.91
2019,8,17,1.46
2019,8,18,1.84
2019,8,19,2.13
2019,8,20,1.55
2019,8,21,1.33
2019,8,22,1.72
2019,8,23,1.34
2019,8,24,1.51
2019,8,25,2.05
2019,8,26,1.55
2019,8,27,1.55
2019,8,28,0.83
2019,8,29,1.77
2019,8,30,2.09
2019,8,31,1.91
2019,9,1,2.09
2019,9,2,2.11
2019,9,3,2.04
2019,9,4,1.49
2019,9,5,2.15
2019,9,6,1.8
2019,9,7,1.97
2019,9,8,1.4
2019,9,9,2.1
2019,9,10,2.28
2019,9,11,2.45
2019,9,12,2.41
2019,9,13,1.91
2019,9,14,1.98
2019,9,15,1.91
2019,9,16,2.52
2019,9,17,2.45
2019,9,18,2.74
2019,9,19,2.64
2019,9,20,2.12
2019,9,21,1.88
2019,9,22,2.66
2019,9,23,2.64
2019,9,24,1.82
2019,9,25,2.05
2019,9,26,2.16
2019,9,27,2.28
2019,9,28,2.77
2019,9,29,2.52
2019,9,30,2.58
2019,10,1,2.62
2019,10,2,2.82
2019,10,3,2.13
2019,10,4,2.16
2019,10,5,2.79
2019,10,6,2.16
2019,10,7,2.11
2019,10,8,1.89
2019,10,9,1.64
2019,10,10,2.12
2019,10,11,1.93
2019,10,12,2.18
2019,10,13,1.6
2019,10,14,2.05
2019,10,15,2.21
2019,10,16,2.2
2019,10,17,2.02
2019,10,18,2.8
2019,10,19,2.55
2019,10,20,2.09
2019,10,21,3.31
2019,10,22,2.63
2019,10,23,2.04
2019,10,24,2.05
2019,10,25,2.02
2019,10,26,2.09
2019,10,27,2.29
2019,10,28,2.38
2019,10,29,2.02
2019,10,30,2.13
2019,10,31,2.26
2019,11,1,2.97
2019,11,2,2.18
2019,11,3,2.41
2019,11,4,1.96
2019,11,5,2.31
2019,11,6,1.88
2019,11,7,1.86
2019,11,8,2.28
2019,11,9,1.99
2019,11,10,2.76
2019,11,11,2.73
2019,11,12,2.99
2019,11,13,3.7
2019,11,14,3.12
2019,11,15,2.6
2019,11,16,3.02
2019,11,17,2.88
2019,11,18,3.06
2019,11,19,3.05
2019,11,20,1.95
2019,11,21,2.88
2019,11,22,2.53
2019,11,23,2.76
2019,11,24,2.36
2019,11,25,2.05
2019,11,26,2.14
2019,11,27,2.07
2019,11,28,2.17
2019,11,29,3.09
2019,11,30,2.68
2019,12,1,2.16
2019,12,2,2.13
2019,12,3,2.35
2019,12,4,1.84
2019,12,5,1.98
2019,12,6,2.59
2019,12,7,2.84
2019,12,8,2.35
2019,12,9,2.33
2019,12,10,2.95
2019,12,11,2.82
2019,12,12,2.17
2019,12,13,2.43
2019,12,14,2.52
2019,12,15,2.04
2019,12,16,2.02
2019,12,17,2.55
2019,12,18,2.24
2019,12,19,2.24
2019,12,20,2.02
2019,12,21,2.03
2019,12,22,2.04
2019,12,23,2.09
2019,12,24,2.09
2019,12,25,1.95
2019,12,26,2.11
2019,12,27,1.75
2019,12,28,1.98
2019,12,29,2.76
2019,12,30,2.14
2019,12,31,2.76
2020,1,1,2.91
2020,1,2,3.25
2020,1,3,2.68
2020,1,4,3.09
2020,1,5,3.68
2020,1,6,2.75
2020,1,7,2.47
2020,1,8,1.83
2020,1,9,1.57
2020,1,10,1.18
2020,1,11,1.73
2020,1,12,1.34
2020,1,13,1.54
2020,1,14,1.67
2020,1,15,2.0
2020,1,16,1.3
2020,1,17,1.12
2020,1,18,1.21
2020,1,19,1.95
2020,1,20,2.64
2020,1,21,2.44
2020,1,22,1.77
2020,1,23,2.2
2020,1,24,2.16
2020,1,25,2.93
2020,1,26,3.2
2020,1,27,1.62
2020,1,28,2.48
2020,1,29,2.38
2020,1,30,1.81
2020,1,31,1.95
2020,2,1,1.91
2020,2,2,2.2
2020,2,3,1.73
2020,2,4,2.03
2020,2,5,2.02
2020,2,6,2.16
2020,2,7,2.22
2020,2,8,3.14
2020,2,9,2.35
2020,2,10,1.47
2020,2,11,2.26
2020,2,12,1.71
2020,2,13,2.16
2020,2,14,2.54
2020,2,15,1.92
2020,2,16,1.61
2020,2,17,1.58
2020,2,18,1.5
2020,2,19,2.56
2020,2,20,2.83
2020,2,21,2.81
2020,2,22,2.3
2020,2,23,2.21
2020,2,24,2.47
2020,2,25,2.66
2020,2,26,1.77
2020,2,27,1.59
2020,2,28,1.77
2020,2,29,2.16
2020,3,1,2.22
2020,3,2,2.13
2020,3,3,2.2
2020,3,4,2.22
2020,3,5,2.16
2020,3,6,2.18
2020,3,7,2.6
2020,3,8,2.48
2020,3,9,2.16
2020,3,10,2.12
2020,3,11,3.05
2020,3,12,3.09
2020,3,13,2.86
2020,3,14,2.3
2020,3,15,2.37
2020,3,16,2.84
2020,3,17,3.43
2020,3,18,2.41
2020,3,19,2.09
2020,3,20,2.99
2020,3,21,2.48
2020,3,22,2.38
2020,3,23,1.78
2020,3,24,1.9
2020,3,25,2.62
2020,3,26,2.32
2020,3,27,2.62
2020,3,28,3.13
2020,3,29,2.59
2020,3,30,1.78
2020,3,31,2.7
2020,4,1,2.37
2020,4,2,2.14
2020,4,3,2.14
2020,4,4,2.3
2020,4,5,2.02
2020,4,6,1.85
2020,4,7,1.45
2020,4,8,1.61
2020,4,9,1.73
2020,4,10,2.11
2020,4,11,2.2
2020,4,12,2.11
2020,4,13,2.16
2020,4,14,2.21
2020,4,15,2.53
2020,4,16,1.65
2020,4,17,1.87
2020,4,18,2.2
2020,4,19,1.91
2020,4,20,2.32
2020,4,21,2.16
2020,4,22,2.05
2020,4,23,2.19
2020,4,24,2.88
2020,4,25,2.58
2020,4,26,2.09
2020,4,27,1.52
2020,4,28,2.05
2020,4,29,2.13
2020,4,30,2.64
2020,5,1,2.17
2020,5,2,2.03
2020,5,3,1.85
2020,5,4,1.72
2020,5,5,1.93
2020,5,6,1.66
2020,5,7,1.64
2020,5,8,1.52
2020,5,9,1.85
2020,5,10,2.02
2020,5,11,2.05
2020,5,12,2.7
2020,5,13,1.58
2020,5,14,1.95
2020,5,15,1.36
2020,5,16,1.52
2020,5,17,1.62
2020,5,18,2.02
2020,5,19,2.07
2020,5,20,1.88
2020,5,21,1.9
2020,5,22,1.97
2020,5,23,1.78
2020,5,24,1.33
2020,5,25,1.82
2020,5,26,1.34
2020,5,27,1.48
2020,5,28,1.73
2020,5,29,2.67
2020,5,30,2.32
2020,5,31,1.98
2020,6,1,2.2
2020,6,2,2.37
2020,6,3,2.02
2020,6,4,2.14
2020,6,5,1.89
2020,6,6,1.61
2020,6,7,1.53
2020,6,8,1.33
2020,6,9,2.05
2020,6,10,2.88
2020,6,11,2.58
2020,6,12,2.52
2020,6,13,2.09
2020,6,14,1.31
2020,6,15,1.48
2020,6,16,1.89
2020,6,17,1.67
2020,6,18,1.71
2020,6,19,1.88
2020,6,20,1.76
2020,6,21,1.42
2020,6,22,1.31
2020,6,23,1.62
2020,6,24,1.65
2020,6,25,1.77
2020,6,26,1.66
2020,6,27,1.63
2020,6,28,1.7
2020,6,29,1.61
2020,6,30,2.07
2020,7,1,2.17
2020,7,2,1.94
2020,7,3,1.98
2020,7,4,2.1
2020,7,5,2.04
2020,7,6,1.66
2020,7,7,1.87
2020,7,8,2.45
2020,7,9,1.66
2020,7,10,1.75
2020,7,11,1.75
2020,7,12,1.99
2020,7,13,1.69
2020,7,14,1.13
2020,7,15,1.69
2020,7,16,1.75
2020,7,17,1.98
2020,7,18,1.57
2020,7,19,1.34
2020,7,20,1.53
2020,7,21,2.02
2020,7,22,2.61
2020,7,23,2.21
2020,7,24,2.13
2020,7,25,1.78
2020,7,26,1.15
2020,7,27,1.95
2020,7,28,1.95
2020,7,29,2.02
2020,7,30,1.5
2020,7,31,1.73
2020,8,1,1.78
2020,8,2,1.46
2020,8,3,2.04
2020,8,4,1.88
2020,8,5,1.91
2020,8,6,1.39
2020,8,7,1.15
2020,8,8,1.57
2020,8,9,1.77
2020,8,10,2.12
2020,8,11,2.32
2020,8,12,2.08
2020,8,13,2.12
2020,8,14,1.98
2020,8,15,2.38
2020,8,16,2.12
2020,8,17,2.71
2020,8,18,3.98
2020,8,19,2.49
2020,8,20,2.45
2020,8,21,2.18
2020,8,22,1.79
2020,8,23,2.43
2020,8,24,2.38
2020,8,25,2.53
2020,8,26,2.52
2020,8,27,2.11
2020,8,28,2.52
2020,8,29,2.84
2020,8,30,2.1
2020,8,31,1.86
2020,9,1,2.05
2020,9,2,2.12
2020,9,3,1.98
2020,9,4,2.15
2020,9,5,2.3
2020,9,6,2.41
2020,9,7,2.54
2020,9,8,2.4
2020,9,9,1.95
2020,9,10,1.84
2020,9,11,2.05
2020,9,12,2.09
2020,9,13,1.79
2020,9,14,1.77
2020,9,15,1.98
2020,9,16,2.73
2020,9,17,2.8
2020,9,18,2.41
2020,9,19,1.84
2020,9,20,1.88
2020,9,21,1.97
2020,9,22,2.43
2020,9,23,1.84
2020,9,24,1.36
2020,9,25,2.35
2020,9,26,2.55
2020,9,27,2.48
2020,9,28,2.0
2020,9,29,2.11
2020,9,30,2.07
2020,10,1,2.05
2020,10,2,2.45
2020,10,3,2.41
2020,10,4,2.12
2020,10,5,1.78
2020,10,6,2.27
2020,10,7,2.07
2020,10,8,1.64
2020,10,9,1.78
2020,10,10,1.59
2020,10,11,1.44
2020,10,12,1.72
2020,10,13,2.19
2020,10,14,2.23
2020,10,15,2.13
2020,10,16,1.84
2020,10,17,2.15
2020,10,18,1.77
2020,10,19,2.2
2020,10,20,1.78
2020,10,21,2.1
2020,10,22,2.02
2020,10,23,1.99
2020,10,24,2.51
2020,10,25,2.97
2020,10,26,2.85
2020,10,27,3.17
2020,10,28,3.49
2020,10,29,2.49
2020,10,30,2.86
2020,10,31,2.74
2020,11,1,2.41
2020,11,2,2.8
2020,11,3,2.52
2020,11,4,2.81
2020,11,5,2.95
2020,11,6,2.6
2020,11,7,2.71
2020,11,8,2.62
2020,11,9,2.8
2020,11,10,2.7
2020,11,11,2.09
2020,11,12,2.55
2020,11,13,2.56
2020,11,14,2.31
2020,11,15,2.25
2020,11,16,1.53
2020,11,17,2.45
2020,11,18,1.98
2020,11,19,2.27
2020,11,20,2.02
2020,11,21,1.95
2020,11,22,2.54
2020,11,23,1.77
2020,11,24,1.97
2020,11,25,2.11
2020,11,26,2.57
2020,11,27,2.77
2020,11,28,2.35
2020,11,29,2.13
2020,11,30,2.38
2020,12,1,2.89
2020,12,2,2.34
2020,12,3,2.98
2020,12,4,2.38
2020,12,5,2.2
2020,12,6,2.12
2020,12,7,2.37
2020,12,8,2.84
2020,12,9,2.4
2020,12,10,2.92
2020,12,11,2.27
2020,12,12,3.12
2020,12,13,2.06
2020,12,14,2.06
2020,12,15,2.59
2020,12,16,2.48
2020,12,17,2.65
2020,12,18,2.4
2020,12,19,3.95
2020,12,20,2.52
2020,12,21,2.05
2020,12,22,2.41
2020,12,23,2.35
2020,12,24,2.85
2020,12,25,2.62
2020,12,26,1.89
2020,12,27,1.77
2020,12,28,1.67
2020,12,29,2.85
2020,12,30,2.7
2020,12,31,2.84
2021,1,1,2.37
2021,1,2,2.28
2021,1,3,2.65
2021,1,4,2.88
2021,1,5,3.42
2021,1,6,1.94
2021,1,7,1.96
2021,1,8,2.5
2021,1,9,2.23
2021,1,10,1.95
2021,1,11,1.82
2021,1,12,2.01
2021,1,13,2.05
2021,1,14,2.48
2021,1,15,2.77
2021,1,16,3.31
2021,1,17,2.48
2021,1,18,2.34
2021,1,19,2.44
2021,1,20,2.2
2021,1,21,2.52
2021,1,22,2.3
2021,1,23,1.93
2021,1,24,2.01
2021,1,25,2.2
2021,1,26,2.01
2021,1,27,2.48
2021,1,28,2.91
2021,1,29,2.63
2021,1,30,1.45
2021,1,31,1.91
2021,2,1,2.36
2021,2,2,2.67
2021,2,3,2.17
2021,2,4,2.67
2021,2,5,2.95
2021,2,6,2.1
2021,2,7,2.24
2021,2,8,2.87
2021,2,9,2.3
2021,2,10,3.1
2021,2,11,2.46
2021,2,12,3.05
2021,2,13,2.25
2021,2,14,2.57
2021,2,15,1.95
2021,2,16,2.52
2021,2,17,3.11
2021,2,18,2.72
2021,2,19,2.5
2021,2,20,2.53
2021,2,21,2.84
2021,2,22,2.41
2021,2,23,2.02
2021,2,24,1.91
2021,2,25,1.98
2021,2,26,2.09
2021,2,27,2.35
2021,2,28,2.84
2021,3,1,1.8
2021,3,2,2.2
2021,3,3,2.3
2021,3,4,2.13
2021,3,5,2.25
2021,3,6,1.82
2021,3,7,2.24
2021,3,8,2.23
2021,3,9,2.27
2021,3,10,3.17
2021,3,11,1.88
2021,3,12,1.81
2021,3,13,1.45
2021,3,14,2.11
2021,3,15,1.76
2021,3,16,1.89
2021,3,17,2.34
2021,3,18,1.98
2021,3,19,2.41
2021,3,20,1.88
2021,3,21,2.3
2021,3,22,2.3
2021,3,23,2.61
2021,3,24,1.95
2021,3,25,1.93
2021,3,26,2.45
2021,3,27,2.41
2021,3,28,1.84
2021,3,29,1.8
2021,3,30,1.64
2021,3,31,2.08
